--Insertamos algunos registros para que la base de datos no este vacia 

INSERT INTO HOTEL(NOMBRE, DESTINO, HABITACIONES_TOTALES, HABITACIONES_OCUPADAS, CAPACIDAD, OCUPACION, ESTADO) VALUES ('Melia-Madrid-Princesa','Madrid',10,3,20,6,1);
INSERT INTO HOTEL(NOMBRE, DESTINO, HABITACIONES_TOTALES, HABITACIONES_OCUPADAS, CAPACIDAD, OCUPACION, ESTADO) VALUES ('Gran-Melia-Palacio-de-los-Duques','Madrid',15,3,30,7,1);
INSERT INTO HOTEL(NOMBRE, DESTINO, HABITACIONES_TOTALES, HABITACIONES_OCUPADAS, CAPACIDAD, OCUPACION, ESTADO) VALUES ('Melia-White-House','Londres',10,2,20,4,1);
INSERT INTO HOTEL(NOMBRE, DESTINO, HABITACIONES_TOTALES, HABITACIONES_OCUPADAS, CAPACIDAD, OCUPACION, ESTADO) VALUES ('ME-London','Londres',12,4,25,9,1);
INSERT INTO HOTEL(NOMBRE, DESTINO, HABITACIONES_TOTALES, HABITACIONES_OCUPADAS, CAPACIDAD, OCUPACION, ESTADO) VALUES ('Innside-Paris-Charles-de-Gaulle','Paris',10,2,20,6,1);
INSERT INTO HOTEL(NOMBRE, DESTINO, HABITACIONES_TOTALES, HABITACIONES_OCUPADAS, CAPACIDAD, OCUPACION, ESTADO) VALUES ('Melia-Paris-La-Defense','Paris',12,4,25,9,1);
INSERT INTO HOTEL(NOMBRE, DESTINO, HABITACIONES_TOTALES, HABITACIONES_OCUPADAS, CAPACIDAD, OCUPACION, ESTADO) VALUES ('TRYP-New-York-Times-Square','Nueva-York',8,2,15,5,1);
INSERT INTO HOTEL(NOMBRE, DESTINO, HABITACIONES_TOTALES, HABITACIONES_OCUPADAS, CAPACIDAD, OCUPACION, ESTADO) VALUES ('Innside-New-York-Nomad','Nueva-York',10,3,20,9,1);

INSERT INTO USUARIO(NIF, NOMBRE, APELLIDO1, APELLIDO2, CORREO, CONTRASENA, CUMPLEANOS, ROL) VALUES ('41234189L','Sergio','Cuenca','Nunez','scuenca@melia.com','Melia','2001-12-12','admin');
INSERT INTO USUARIO(NIF, NOMBRE, APELLIDO1, APELLIDO2, CORREO, CONTRASENA, CUMPLEANOS, ROL) VALUES ('80762074N','Elena','Conderana','Medem','econderana@melia.com','Melia','2001-04-28','admin');
INSERT INTO USUARIO(NIF, NOMBRE, APELLIDO1, APELLIDO2, CORREO, CONTRASENA, CUMPLEANOS, ROL) VALUES ('68060671Z','Javier','Barneda','Carrion','javier_barneda@gmail.com','JavierBarneda','2000-02-8','cliente');
INSERT INTO USUARIO(NIF, NOMBRE, APELLIDO1, APELLIDO2, CORREO, CONTRASENA, CUMPLEANOS, ROL) VALUES ('35980493Y','Ana','Alvarez','Perez','aa@yahoo.com','AAP','2000-06-3','cliente');
INSERT INTO USUARIO(NIF, NOMBRE, APELLIDO1, APELLIDO2, CORREO, CONTRASENA, CUMPLEANOS, ROL) VALUES ('74575576P','Laura','Hernandez','Pardo','laura.h@gmail.com','Lauritaa','2000-08-27','cliente');
INSERT INTO USUARIO(NIF, NOMBRE, APELLIDO1, APELLIDO2, CORREO, CONTRASENA, CUMPLEANOS, ROL) VALUES ('73010655F','Gerardo','Fernandez','Gomez','ag@gmail.com','GerarF','2000-03-12','cliente');
INSERT INTO USUARIO(NIF, NOMBRE, APELLIDO1, APELLIDO2, CORREO, CONTRASENA, CUMPLEANOS, ROL) VALUES ('38421952S','Soraya','Martos','Sicilia','sorayita@gmail.com','sormarsic','2000-03-12','cliente');
INSERT INTO USUARIO(NIF, NOMBRE, APELLIDO1, APELLIDO2, CORREO, CONTRASENA, CUMPLEANOS, ROL) VALUES ('56808995F','Inés','Garcia','Santamaria','ineg_s@gmail.com','ElenaGarcia829','2000-09-12','cliente');
INSERT INTO USUARIO(NIF, NOMBRE, APELLIDO1, APELLIDO2, CORREO, CONTRASENA, CUMPLEANOS, ROL) VALUES ('86104585Z','Isabel','Gonzalez','Casado','isaa@yahoo.com','IsabelGlezz','2000-09-9','cliente');
INSERT INTO USUARIO(NIF, NOMBRE, APELLIDO1, APELLIDO2, CORREO, CONTRASENA, CUMPLEANOS, ROL) VALUES ('87504295J','Jaime','Lopez','Ayuso','jla@gmail.com','JaimeLo','2000-09-9','cliente');
INSERT INTO USUARIO(NIF, NOMBRE, APELLIDO1, APELLIDO2, CORREO, CONTRASENA, CUMPLEANOS, ROL) VALUES ('93528386J','Santiago','Pascual','Sanchez','g_pas@gmail.com','SantiPas','2000-11-9','cliente');
INSERT INTO USUARIO(NIF, NOMBRE, APELLIDO1, APELLIDO2, CORREO, CONTRASENA, CUMPLEANOS, ROL) VALUES ('48802294C','Dario','Quiroga','Iglesias','dario.q@yahoo.com','SellesFerriz','2000-11-3','cliente');
INSERT INTO USUARIO(NIF, NOMBRE, APELLIDO1, APELLIDO2, CORREO, CONTRASENA, CUMPLEANOS, ROL) VALUES ('24215194N','Esteban','Selles','Ferriz','esteban.s.f@gmail.com','Esteban3393','2000-12-3','cliente');
INSERT INTO USUARIO(NIF, NOMBRE, APELLIDO1, APELLIDO2, CORREO, CONTRASENA, CUMPLEANOS, ROL) VALUES ('85630933R','Leo','Zamora','Mateos','xx_leo@yahoo.com','XXLEO','2000-12-6','cliente');
INSERT INTO USUARIO(NIF, NOMBRE, APELLIDO1, APELLIDO2, CORREO, CONTRASENA, CUMPLEANOS, ROL) VALUES ('67756676X','Pablo','Leon','Abella','pablox@yahoo.com','Pablito','2000-06-6','cliente');
INSERT INTO USUARIO(NIF, NOMBRE, APELLIDO1, APELLIDO2, CORREO, CONTRASENA, CUMPLEANOS, ROL) VALUES ('44203784S','Guillermo','Gutierrez','Vazquez','guti@yahoo.com','GuilleGuti532','2000-04-6','cliente');
INSERT INTO USUARIO(NIF, NOMBRE, APELLIDO1, APELLIDO2, CORREO, CONTRASENA, CUMPLEANOS, ROL) VALUES ('15979834D','Sara','Alamo','Carrasco','alamo.sara@yahoo.com','SaraAlamo9278','2000-03-4','cliente');
INSERT INTO USUARIO(NIF, NOMBRE, APELLIDO1, APELLIDO2, CORREO, CONTRASENA, CUMPLEANOS, ROL) VALUES ('37748940Y','Paula','Carrión','Zulueta','pau.carrion@gmail.com','PaulaCarrionZulueta9','2000-12-31','cliente');
INSERT INTO USUARIO(NIF, NOMBRE, APELLIDO1, APELLIDO2, CORREO, CONTRASENA, CUMPLEANOS, ROL) VALUES ('15563677Z','Jorge','Saldana','Carrascosa','jscarrascosa@gmail.com','JorgeSC45','2000-11-23','cliente');
INSERT INTO USUARIO(NIF, NOMBRE, APELLIDO1, APELLIDO2, CORREO, CONTRASENA, CUMPLEANOS, ROL) VALUES ('12942825N','Carlos','Cuevas','Barrientos','ccbarrientos@yahoo.com','CCB902','2000-09-8','cliente');
INSERT INTO USUARIO(NIF, NOMBRE, APELLIDO1, APELLIDO2, CORREO, CONTRASENA, CUMPLEANOS, ROL) VALUES ('51500667X','María','Bolivar','Sobera','meribolivar@gmail.com','MeriBolivar13','2000-05-5','cliente');


INSERT INTO RESERVA(ID, NIF, HOTEL, DESTINO, TIPO, HUESPEDES, HABITACIONES, FECHAENTRADA, FECHASALIDA) VALUES (100000,'68060671Z','Melia-Madrid-Princesa','Madrid','Premium',2,1,'2022-05-17','2022-05-25');
INSERT INTO RESERVA(ID, NIF, HOTEL, DESTINO, TIPO, HUESPEDES, HABITACIONES, FECHAENTRADA, FECHASALIDA) VALUES (100001,'35980493Y','Melia-Madrid-Princesa','Madrid','Suite',4,2,'2022-05-17','2022-05-25');
INSERT INTO RESERVA(ID, NIF, HOTEL, DESTINO, TIPO, HUESPEDES, HABITACIONES, FECHAENTRADA, FECHASALIDA) VALUES (100002,'74575576P','Gran-Melia-Palacio-de-los-Duques','Madrid','Supremme',1,1,'2022-05-17','2022-05-29');
INSERT INTO RESERVA(ID, NIF, HOTEL, DESTINO, TIPO, HUESPEDES, HABITACIONES, FECHAENTRADA, FECHASALIDA) VALUES (100003,'73010655F','Gran-Melia-Palacio-de-los-Duques','Madrid','Suite-Deluxe',2,1,'2022-05-17','2022-05-29');
INSERT INTO RESERVA(ID, NIF, HOTEL, DESTINO, TIPO, HUESPEDES, HABITACIONES, FECHAENTRADA, FECHASALIDA) VALUES (100004,'38421952S','Gran-Melia-Palacio-de-los-Duques','Madrid','Royal-Suite',4,1,'2022-05-17','2022-05-29');
INSERT INTO RESERVA(ID, NIF, HOTEL, DESTINO, TIPO, HUESPEDES, HABITACIONES, FECHAENTRADA, FECHASALIDA) VALUES (100005,'56808995F','Melia-White-House','Londres','Premium-King',1,1,'2022-05-17','2022-05-29');
INSERT INTO RESERVA(ID, NIF, HOTEL, DESTINO, TIPO, HUESPEDES, HABITACIONES, FECHAENTRADA, FECHASALIDA) VALUES (100006,'86104585Z','Melia-White-House','Londres','Junior-Suite',3,1,'2022-05-17','2022-05-29');
INSERT INTO RESERVA(ID, NIF, HOTEL, DESTINO, TIPO, HUESPEDES, HABITACIONES, FECHAENTRADA, FECHASALIDA) VALUES (100007,'87504295J','ME-London','Londres','Mode',2,1,'2022-05-25','2022-05-20');
INSERT INTO RESERVA(ID, NIF, HOTEL, DESTINO, TIPO, HUESPEDES, HABITACIONES, FECHAENTRADA, FECHASALIDA) VALUES (100008,'93528386J','ME-London','Londres','Suite-Personality',3,1,'2022-05-25','2022-05-20');
INSERT INTO RESERVA(ID, NIF, HOTEL, DESTINO, TIPO, HUESPEDES, HABITACIONES, FECHAENTRADA, FECHASALIDA) VALUES (100009,'48802294C','ME-London','Londres','Chic-Penthouse-Suite',4,2,'2022-05-25','2022-05-20');
INSERT INTO RESERVA(ID, NIF, HOTEL, DESTINO, TIPO, HUESPEDES, HABITACIONES, FECHAENTRADA, FECHASALIDA) VALUES (100010,'24215194N','Innside-Paris-Charles-de-Gaulle','Paris','Loft',2,1,'2022-05-17','2022-05-31');
INSERT INTO RESERVA(ID, NIF, HOTEL, DESTINO, TIPO, HUESPEDES, HABITACIONES, FECHAENTRADA, FECHASALIDA) VALUES (100011,'85630933R','Innside-Paris-Charles-de-Gaulle','Paris','Townhouse-Suite',4,1,'2022-05-17','2022-05-31');
INSERT INTO RESERVA(ID, NIF, HOTEL, DESTINO, TIPO, HUESPEDES, HABITACIONES, FECHAENTRADA, FECHASALIDA) VALUES (100012,'67756676X','Melia-Paris-La-Defense','Paris','Premium-Twin',2,1,'2022-05-17','2022-05-25');
INSERT INTO RESERVA(ID, NIF, HOTEL, DESTINO, TIPO, HUESPEDES, HABITACIONES, FECHAENTRADA, FECHASALIDA) VALUES (100013,'44203784S','Melia-Paris-La-Defense','Paris','Suite-Premium',3,2,'2022-05-17','2022-05-25');
INSERT INTO RESERVA(ID, NIF, HOTEL, DESTINO, TIPO, HUESPEDES, HABITACIONES, FECHAENTRADA, FECHASALIDA) VALUES (100014,'15979834D','Melia-Paris-La-Defense','Paris','Grand-Suite-Eiffel',4,1,'2022-05-17','2022-05-25');
INSERT INTO RESERVA(ID, NIF, HOTEL, DESTINO, TIPO, HUESPEDES, HABITACIONES, FECHAENTRADA, FECHASALIDA) VALUES (100015,'37748940Y','TRYP-New-York-Times-Square','Nueva-York','Queen',2,1,'2022-05-17','2022-05-20');
INSERT INTO RESERVA(ID, NIF, HOTEL, DESTINO, TIPO, HUESPEDES, HABITACIONES, FECHAENTRADA, FECHASALIDA) VALUES (100016,'15563677Z','TRYP-New-York-Times-Square','Nueva-York','King',3,1,'2022-05-17','2022-05-20');
INSERT INTO RESERVA(ID, NIF, HOTEL, DESTINO, TIPO, HUESPEDES, HABITACIONES, FECHAENTRADA, FECHASALIDA) VALUES (100017,'12942825N','Innside-New-York-Nomad','Nueva-York','Studio',5,2,'2022-05-17','2022-05-29');
INSERT INTO RESERVA(ID, NIF, HOTEL, DESTINO, TIPO, HUESPEDES, HABITACIONES, FECHAENTRADA, FECHASALIDA) VALUES (100018,'51500667X','Innside-New-York-Nomad','Nueva-York','Townhouse-Junior-Suite',4,1,'2022-05-17','2022-05-29');

INSERT INTO HABITACION(TIPO, NUMERO,PLANTA, HOTEL, CAPACIDAD, ESTADO) VALUES ('Premium', 123, 7, 'Melia-Madrid-Princesa',3,1);
INSERT INTO HABITACION(TIPO, NUMERO,PLANTA, HOTEL, CAPACIDAD, ESTADO) VALUES ('Suite', 208, 8, 'Melia-Madrid-Princesa',4,1);
INSERT INTO HABITACION(TIPO, NUMERO,PLANTA, HOTEL, CAPACIDAD, ESTADO) VALUES ('Grand-Suite-Presidencial', 273, 10, 'Melia-Madrid-Princesa',5,1);
INSERT INTO HABITACION(TIPO, NUMERO,PLANTA, HOTEL, CAPACIDAD, ESTADO) VALUES ('Supremme', 56, 3, 'Gran-Melia-Palacio-de-los-Duques',3,1);
INSERT INTO HABITACION(TIPO, NUMERO,PLANTA, HOTEL, CAPACIDAD, ESTADO) VALUES ('Suite-Deluxe', 162, 4, 'Gran-Melia-Palacio-de-los-Duques',4,1);
INSERT INTO HABITACION(TIPO, NUMERO,PLANTA, HOTEL, CAPACIDAD, ESTADO) VALUES ('Royal-Suite', 180, 5, 'Gran-Melia-Palacio-de-los-Duques',5,1);
INSERT INTO HABITACION(TIPO, NUMERO,PLANTA, HOTEL, CAPACIDAD, ESTADO) VALUES ('Premium-King', 302, 6, 'Melia-White-House',2,1);
INSERT INTO HABITACION(TIPO, NUMERO,PLANTA, HOTEL, CAPACIDAD, ESTADO) VALUES ('Junior-Suite', 420, 7, 'Melia-White-House',4,1);
INSERT INTO HABITACION(TIPO, NUMERO,PLANTA, HOTEL, CAPACIDAD, ESTADO) VALUES ('Marylebone-Suite', 557, 9, 'Melia-White-House',4,1);
INSERT INTO HABITACION(TIPO, NUMERO,PLANTA, HOTEL, CAPACIDAD, ESTADO) VALUES ('Mode', 37, 6, 'ME-London',2,1);
INSERT INTO HABITACION(TIPO, NUMERO,PLANTA, HOTEL, CAPACIDAD, ESTADO) VALUES ('Suite-Personality', 50, 7, 'ME-London',3,1);
INSERT INTO HABITACION(TIPO, NUMERO,PLANTA, HOTEL, CAPACIDAD, ESTADO) VALUES ('Chic-Penthouse-Suite', 149, 9, 'ME-London',4,1);
INSERT INTO HABITACION(TIPO, NUMERO,PLANTA, HOTEL, CAPACIDAD, ESTADO) VALUES ('Premium-Extra', 102, 5, 'Innside-Paris-Charles-de-Gaulle',3,1);
INSERT INTO HABITACION(TIPO, NUMERO,PLANTA, HOTEL, CAPACIDAD, ESTADO) VALUES ('Loft', 189, 6, 'Innside-Paris-Charles-de-Gaulle',4,1);
INSERT INTO HABITACION(TIPO, NUMERO,PLANTA, HOTEL, CAPACIDAD, ESTADO) VALUES ('Townhouse-Suite', 254, 8, 'Innside-Paris-Charles-de-Gaulle',4,1);
INSERT INTO HABITACION(TIPO, NUMERO,PLANTA, HOTEL, CAPACIDAD, ESTADO) VALUES ('Premium-Twin', 46, 5, 'Melia-Paris-La-Defense',3,1);
INSERT INTO HABITACION(TIPO, NUMERO,PLANTA, HOTEL, CAPACIDAD, ESTADO) VALUES ('Suite-Premium', 298, 6, 'Melia-Paris-La-Defense',4,1);
INSERT INTO HABITACION(TIPO, NUMERO,PLANTA, HOTEL, CAPACIDAD, ESTADO) VALUES ('Grand-Suite-Eiffel', 352, 8, 'Melia-Paris-La-Defense',4,1);
INSERT INTO HABITACION(TIPO, NUMERO,PLANTA, HOTEL, CAPACIDAD, ESTADO) VALUES ('Queen', 51, 2, 'TRYP-New-York-Times-Square',2,1);
INSERT INTO HABITACION(TIPO, NUMERO,PLANTA, HOTEL, CAPACIDAD, ESTADO) VALUES ('King', 136, 3, 'TRYP-New-York-Times-Square',3,1);
INSERT INTO HABITACION(TIPO, NUMERO,PLANTA, HOTEL, CAPACIDAD, ESTADO) VALUES ('Junior-Suite-Metro', 168, 4, 'TRYP-New-York-Times-Square',4,1);
INSERT INTO HABITACION(TIPO, NUMERO,PLANTA, HOTEL, CAPACIDAD, ESTADO) VALUES ('King-City', 184, 15, 'Innside-New-York-Nomad',3,1);
INSERT INTO HABITACION(TIPO, NUMERO,PLANTA, HOTEL, CAPACIDAD, ESTADO) VALUES ('Studio', 238, 18, 'Innside-New-York-Nomad',4,1);
INSERT INTO HABITACION(TIPO, NUMERO,PLANTA, HOTEL, CAPACIDAD, ESTADO) VALUES ('Townhouse-Junior-Suite', 305, 19, 'Innside-New-York-Nomad',4,1);

INSERT INTO CONTACTO(NUMERO, CORREO, NOMBRE, MENSAJE) VALUES (1,'javier_barneda@gmail.com','Javier','Querria saber más información acerca del hotel Melia Madrid Princesa. Gracias');
INSERT INTO CONTACTO(NUMERO, CORREO, NOMBRE, MENSAJE) VALUES (2,'laura.h@gmail.com','Laura','Solicito una devolución y reembolso de mi reserva en Melia White House. Un saludo');
INSERT INTO CONTACTO(NUMERO, CORREO, NOMBRE, MENSAJE) VALUES (3,'ineg_s@gmail.com','Ines','¿Que servicios encuentro cerca del hotel Melia Paris La Defense? Muchas gracias');
