--Insertamos algunos registros para que la base de datos no este vacia 

INSERT INTO HOTEL(NOMBRE, DESTINO, HABITACIONES_TOTALES, HABITACIONES_OCUPADAS, CAPACIDAD, OCUPACION, ESTADO) VALUES ('Melia-Madrid-Princesa','Madrid',10,3,50,6,1);
INSERT INTO HOTEL(NOMBRE, DESTINO, HABITACIONES_TOTALES, HABITACIONES_OCUPADAS, CAPACIDAD, OCUPACION, ESTADO) VALUES ('Gran-Melia-Palacio-de-los-Duques','Madrid',15,3,90,7,1);
INSERT INTO HOTEL(NOMBRE, DESTINO, HABITACIONES_TOTALES, HABITACIONES_OCUPADAS, CAPACIDAD, OCUPACION, ESTADO) VALUES ('Melia-White-House','Londres',10,2,50,4,1);
INSERT INTO HOTEL(NOMBRE, DESTINO, HABITACIONES_TOTALES, HABITACIONES_OCUPADAS, CAPACIDAD, OCUPACION, ESTADO) VALUES ('ME-London','Londres',12,4,72,9,1);
INSERT INTO HOTEL(NOMBRE, DESTINO, HABITACIONES_TOTALES, HABITACIONES_OCUPADAS, CAPACIDAD, OCUPACION, ESTADO) VALUES ('Innside-Paris-Charles-de-Gaulle','Paris',10,2,50,6,1);
INSERT INTO HOTEL(NOMBRE, DESTINO, HABITACIONES_TOTALES, HABITACIONES_OCUPADAS, CAPACIDAD, OCUPACION, ESTADO) VALUES ('Melia-Paris-La-Defense','Paris',12,4,60,9,1);
INSERT INTO HOTEL(NOMBRE, DESTINO, HABITACIONES_TOTALES, HABITACIONES_OCUPADAS, CAPACIDAD, OCUPACION, ESTADO) VALUES ('TRYP-New-York-Times-Square','Nueva-York',8,2,32,5,1);
INSERT INTO HOTEL(NOMBRE, DESTINO, HABITACIONES_TOTALES, HABITACIONES_OCUPADAS, CAPACIDAD, OCUPACION, ESTADO) VALUES ('Innside-New-York-Nomad','Nueva-York',10,3,50,9,1);

INSERT INTO USUARIO(NIF, NOMBRE, APELLIDO1, APELLIDO2, CORREO, CONTRASENA, CUMPLEANOS, ROL) VALUES ('41234189L','Sergio','Cuenca','Núñez','scuenca@melia.com','MeliaHotelsInternational2022','2001-12-12','admin');
INSERT INTO USUARIO(NIF, NOMBRE, APELLIDO1, APELLIDO2, CORREO, CONTRASENA, CUMPLEANOS, ROL) VALUES ('80762074N','Javier','Barneda','Castillejo','javier_barneda@melia.com','MeliaHotelsInternational2022','2000-02-08','admin');
INSERT INTO USUARIO(NIF, NOMBRE, APELLIDO1, APELLIDO2, CORREO, CONTRASENA, CUMPLEANOS, ROL) VALUES ('68060671Z','Elena','Conderana','Medem','econderana@gmail.com','ConderanaMedem2804','2001-04-28','cliente');
INSERT INTO USUARIO(NIF, NOMBRE, APELLIDO1, APELLIDO2, CORREO, CONTRASENA, CUMPLEANOS, ROL) VALUES ('35980493Y','Ana','Álvarez','Perez','aa@yahoo.com','AAlvarezPerez2000','2000-06-03','cliente');
INSERT INTO USUARIO(NIF, NOMBRE, APELLIDO1, APELLIDO2, CORREO, CONTRASENA, CUMPLEANOS, ROL) VALUES ('74575576P','Laura','Hernandez','Pardo','laura.h@gmail.com','LauritaaHeranP09','2000-08-27','cliente');
INSERT INTO USUARIO(NIF, NOMBRE, APELLIDO1, APELLIDO2, CORREO, CONTRASENA, CUMPLEANOS, ROL) VALUES ('73010655F','Gerardo','Fernandez','Gómez','ag@gmail.com','GerarFGomez12032000','2000-03-12','cliente');
INSERT INTO USUARIO(NIF, NOMBRE, APELLIDO1, APELLIDO2, CORREO, CONTRASENA, CUMPLEANOS, ROL) VALUES ('38421952S','Soraya','Martos','Sicilia','sorayita@gmail.com','Sormartossicilia0916','2000-09-16','cliente');
INSERT INTO USUARIO(NIF, NOMBRE, APELLIDO1, APELLIDO2, CORREO, CONTRASENA, CUMPLEANOS, ROL) VALUES ('56808995F','Inés','García','Santamaría','ineg_s@gmail.com','InessGarcia8292','2000-09-12','cliente');
INSERT INTO USUARIO(NIF, NOMBRE, APELLIDO1, APELLIDO2, CORREO, CONTRASENA, CUMPLEANOS, ROL) VALUES ('86104585Z','Isabel','Gonzalez','Casado','isaa@yahoo.com','IsabelGlezzCasado3','2000-05-18','cliente');
INSERT INTO USUARIO(NIF, NOMBRE, APELLIDO1, APELLIDO2, CORREO, CONTRASENA, CUMPLEANOS, ROL) VALUES ('87504295J','Jaime','Lopez','Ayuso','jla@gmail.com','JaimeLoAyuso3001','2000-01-30','cliente');
INSERT INTO USUARIO(NIF, NOMBRE, APELLIDO1, APELLIDO2, CORREO, CONTRASENA, CUMPLEANOS, ROL) VALUES ('93528386J','Santiago','Pascual','Sanchez','g_pas@gmail.com','SantiPascualSanchez293','2000-11-9','cliente');
INSERT INTO USUARIO(NIF, NOMBRE, APELLIDO1, APELLIDO2, CORREO, CONTRASENA, CUMPLEANOS, ROL) VALUES ('48802294C','Dario','Quiroga','Iglesias','dario.q@yahoo.com','QuirogaFerrizDario11','2000-11-3','cliente');
INSERT INTO USUARIO(NIF, NOMBRE, APELLIDO1, APELLIDO2, CORREO, CONTRASENA, CUMPLEANOS, ROL) VALUES ('24215194N','Esteban','Sellés','Ferriz','esteban.s.f@gmail.com','EstebanSellesFerriz3393','2000-12-3','cliente');
INSERT INTO USUARIO(NIF, NOMBRE, APELLIDO1, APELLIDO2, CORREO, CONTRASENA, CUMPLEANOS, ROL) VALUES ('85630933R','Leo','Zamora','Mateos','xx_leo@yahoo.com','LeoxxZamoraxxMatew93','2000-12-6','cliente');
INSERT INTO USUARIO(NIF, NOMBRE, APELLIDO1, APELLIDO2, CORREO, CONTRASENA, CUMPLEANOS, ROL) VALUES ('67756676X','Pablo','León','Abella','pablox@yahoo.com','PablitoLeonAbella543','2000-06-6','cliente');
INSERT INTO USUARIO(NIF, NOMBRE, APELLIDO1, APELLIDO2, CORREO, CONTRASENA, CUMPLEANOS, ROL) VALUES ('44203784S','Guillermo','Gutierrez','Vazquez','guti@yahoo.com','GuilleGutiVazquez532','2000-04-6','cliente');
INSERT INTO USUARIO(NIF, NOMBRE, APELLIDO1, APELLIDO2, CORREO, CONTRASENA, CUMPLEANOS, ROL) VALUES ('15979834D','Sara','Álamo','Carrasco','alamo.sara@yahoo.com','SaraAlamoCarrasco9278','2000-03-4','cliente');
INSERT INTO USUARIO(NIF, NOMBRE, APELLIDO1, APELLIDO2, CORREO, CONTRASENA, CUMPLEANOS, ROL) VALUES ('37748940Y','Paula','Carrión','Zulueta','pau.carrion@gmail.com','PaulaCarrionZulueta9','2000-12-31','cliente');
INSERT INTO USUARIO(NIF, NOMBRE, APELLIDO1, APELLIDO2, CORREO, CONTRASENA, CUMPLEANOS, ROL) VALUES ('15563677Z','Jorge','Saldaña','Carrascosa','jscarrascosa@gmail.com','JorgeSaldanaCarrascosa45','2000-11-23','cliente');
INSERT INTO USUARIO(NIF, NOMBRE, APELLIDO1, APELLIDO2, CORREO, CONTRASENA, CUMPLEANOS, ROL) VALUES ('12942825N','Carlos','Cuevas','Barrientos','ccbarrientos@yahoo.com','Carl05Cueva5Barrient05','2000-09-8','cliente');
INSERT INTO USUARIO(NIF, NOMBRE, APELLIDO1, APELLIDO2, CORREO, CONTRASENA, CUMPLEANOS, ROL) VALUES ('51500667X','María','Bolívar','Sobera','meribolivar@gmail.com','MeriBolivarSobe13','2000-05-5','cliente');

INSERT INTO RESERVA(ID, NIF, HOTEL, DESTINO, TIPO, HUESPEDES, HABITACIONES, FECHAENTRADA, FECHASALIDA) VALUES (100000,'68060671Z','Melia-Madrid-Princesa','Madrid','Premium',2,1,'2022-05-17','2022-05-25');
INSERT INTO RESERVA(ID, NIF, HOTEL, DESTINO, TIPO, HUESPEDES, HABITACIONES, FECHAENTRADA, FECHASALIDA) VALUES (100001,'35980493Y','Melia-Madrid-Princesa','Madrid','Suite',4,2,'2022-05-17','2022-05-25');
INSERT INTO RESERVA(ID, NIF, HOTEL, DESTINO, TIPO, HUESPEDES, HABITACIONES, FECHAENTRADA, FECHASALIDA) VALUES (100002,'74575576P','Gran-Melia-Palacio-de-los-Duques','Madrid','Supremme',1,1,'2022-05-17','2022-05-29');
INSERT INTO RESERVA(ID, NIF, HOTEL, DESTINO, TIPO, HUESPEDES, HABITACIONES, FECHAENTRADA, FECHASALIDA) VALUES (100003,'73010655F','Gran-Melia-Palacio-de-los-Duques','Madrid','Suite-Deluxe',2,1,'2022-05-17','2022-05-29');
INSERT INTO RESERVA(ID, NIF, HOTEL, DESTINO, TIPO, HUESPEDES, HABITACIONES, FECHAENTRADA, FECHASALIDA) VALUES (100004,'38421952S','Gran-Melia-Palacio-de-los-Duques','Madrid','Royal-Suite',4,1,'2022-05-17','2022-05-29');
INSERT INTO RESERVA(ID, NIF, HOTEL, DESTINO, TIPO, HUESPEDES, HABITACIONES, FECHAENTRADA, FECHASALIDA) VALUES (100005,'56808995F','Melia-White-House','Londres','Premium-King',1,1,'2022-05-17','2022-05-29');
INSERT INTO RESERVA(ID, NIF, HOTEL, DESTINO, TIPO, HUESPEDES, HABITACIONES, FECHAENTRADA, FECHASALIDA) VALUES (100006,'86104585Z','Melia-White-House','Londres','Junior-Suite',3,1,'2022-05-17','2022-05-29');
INSERT INTO RESERVA(ID, NIF, HOTEL, DESTINO, TIPO, HUESPEDES, HABITACIONES, FECHAENTRADA, FECHASALIDA) VALUES (100007,'87504295J','ME-London','Londres','Mode',2,1,'2022-05-25','2022-05-20');
INSERT INTO RESERVA(ID, NIF, HOTEL, DESTINO, TIPO, HUESPEDES, HABITACIONES, FECHAENTRADA, FECHASALIDA) VALUES (100008,'93528386J','ME-London','Londres','Suite-Personality',3,1,'2022-05-25','2022-05-20');
INSERT INTO RESERVA(ID, NIF, HOTEL, DESTINO, TIPO, HUESPEDES, HABITACIONES, FECHAENTRADA, FECHASALIDA) VALUES (100009,'48802294C','ME-London','Londres','Chic-Penthouse-Suite',4,2,'2022-05-25','2022-05-20');
INSERT INTO RESERVA(ID, NIF, HOTEL, DESTINO, TIPO, HUESPEDES, HABITACIONES, FECHAENTRADA, FECHASALIDA) VALUES (100010,'24215194N','Innside-Paris-Charles-de-Gaulle','Paris','Loft',2,1,'2022-05-17','2022-05-31');
INSERT INTO RESERVA(ID, NIF, HOTEL, DESTINO, TIPO, HUESPEDES, HABITACIONES, FECHAENTRADA, FECHASALIDA) VALUES (100011,'85630933R','Innside-Paris-Charles-de-Gaulle','Paris','Townhouse-Suite',4,1,'2022-05-17','2022-05-31');
INSERT INTO RESERVA(ID, NIF, HOTEL, DESTINO, TIPO, HUESPEDES, HABITACIONES, FECHAENTRADA, FECHASALIDA) VALUES (100012,'67756676X','Melia-Paris-La-Defense','Paris','Premium-Twin',2,1,'2022-05-17','2022-05-25');
INSERT INTO RESERVA(ID, NIF, HOTEL, DESTINO, TIPO, HUESPEDES, HABITACIONES, FECHAENTRADA, FECHASALIDA) VALUES (100013,'44203784S','Melia-Paris-La-Defense','Paris','Suite-Premium',3,2,'2022-05-17','2022-05-25');
INSERT INTO RESERVA(ID, NIF, HOTEL, DESTINO, TIPO, HUESPEDES, HABITACIONES, FECHAENTRADA, FECHASALIDA) VALUES (100014,'15979834D','Melia-Paris-La-Defense','Paris','Grand-Suite-Eiffel',4,1,'2022-05-17','2022-05-25');
INSERT INTO RESERVA(ID, NIF, HOTEL, DESTINO, TIPO, HUESPEDES, HABITACIONES, FECHAENTRADA, FECHASALIDA) VALUES (100015,'37748940Y','TRYP-New-York-Times-Square','Nueva-York','Queen',2,1,'2022-05-17','2022-05-20');
INSERT INTO RESERVA(ID, NIF, HOTEL, DESTINO, TIPO, HUESPEDES, HABITACIONES, FECHAENTRADA, FECHASALIDA) VALUES (100016,'15563677Z','TRYP-New-York-Times-Square','Nueva-York','King',3,1,'2022-05-17','2022-05-20');
INSERT INTO RESERVA(ID, NIF, HOTEL, DESTINO, TIPO, HUESPEDES, HABITACIONES, FECHAENTRADA, FECHASALIDA) VALUES (100017,'12942825N','Innside-New-York-Nomad','Nueva-York','Studio',5,2,'2022-05-17','2022-05-29');
INSERT INTO RESERVA(ID, NIF, HOTEL, DESTINO, TIPO, HUESPEDES, HABITACIONES, FECHAENTRADA, FECHASALIDA) VALUES (100018,'51500667X','Innside-New-York-Nomad','Nueva-York','Townhouse-Junior-Suite',4,1,'2022-05-17','2022-05-29');

INSERT INTO HABITACION(TIPO, HOTEL, CAPACIDAD) VALUES ('Premium', 'Melia-Madrid-Princesa',3);
INSERT INTO HABITACION(TIPO, HOTEL, CAPACIDAD) VALUES ('Suite', 'Melia-Madrid-Princesa',4);
INSERT INTO HABITACION(TIPO, HOTEL, CAPACIDAD) VALUES ('Grand-Suite-Presidencial', 'Melia-Madrid-Princesa',5);
INSERT INTO HABITACION(TIPO, HOTEL, CAPACIDAD) VALUES ('Supremme', 'Gran-Melia-Palacio-de-los-Duques',4);
INSERT INTO HABITACION(TIPO, HOTEL, CAPACIDAD) VALUES ('Suite-Deluxe', 'Gran-Melia-Palacio-de-los-Duques',5);
INSERT INTO HABITACION(TIPO, HOTEL, CAPACIDAD) VALUES ('Royal-Suite', 'Gran-Melia-Palacio-de-los-Duques',6);
INSERT INTO HABITACION(TIPO, HOTEL, CAPACIDAD) VALUES ('Premium-King', 'Melia-White-House',3);
INSERT INTO HABITACION(TIPO, HOTEL, CAPACIDAD) VALUES ('Junior-Suite', 'Melia-White-House',4);
INSERT INTO HABITACION(TIPO, HOTEL, CAPACIDAD) VALUES ('Marylebone-Suite', 'Melia-White-House',5);
INSERT INTO HABITACION(TIPO, HOTEL, CAPACIDAD) VALUES ('Mode', 'ME-London',3);
INSERT INTO HABITACION(TIPO, HOTEL, CAPACIDAD) VALUES ('Suite-Personality', 'ME-London',5);
INSERT INTO HABITACION(TIPO, HOTEL, CAPACIDAD) VALUES ('Chic-Penthouse-Suite', 'ME-London',6);
INSERT INTO HABITACION(TIPO, HOTEL, CAPACIDAD) VALUES ('Premium-Extra', 'Innside-Paris-Charles-de-Gaulle',2);
INSERT INTO HABITACION(TIPO, HOTEL, CAPACIDAD) VALUES ('Loft', 'Innside-Paris-Charles-de-Gaulle',4);
INSERT INTO HABITACION(TIPO, HOTEL, CAPACIDAD) VALUES ('Townhouse-Suite', 'Innside-Paris-Charles-de-Gaulle',5);
INSERT INTO HABITACION(TIPO, HOTEL, CAPACIDAD) VALUES ('Premium-Twin', 'Melia-Paris-La-Defense',3);
INSERT INTO HABITACION(TIPO, HOTEL, CAPACIDAD) VALUES ('Suite-Premium', 'Melia-Paris-La-Defense',4);
INSERT INTO HABITACION(TIPO, HOTEL, CAPACIDAD) VALUES ('Grand-Suite-Eiffel', 'Melia-Paris-La-Defense',5);
INSERT INTO HABITACION(TIPO, HOTEL, CAPACIDAD) VALUES ('Queen', 'TRYP-New-York-Times-Square',2);
INSERT INTO HABITACION(TIPO, HOTEL, CAPACIDAD) VALUES ('King', 'TRYP-New-York-Times-Square',3);
INSERT INTO HABITACION(TIPO, HOTEL, CAPACIDAD) VALUES ('Junior-Suite-Metro', 'TRYP-New-York-Times-Square',4);
INSERT INTO HABITACION(TIPO, HOTEL, CAPACIDAD) VALUES ('King-City', 'Innside-New-York-Nomad',2);
INSERT INTO HABITACION(TIPO, HOTEL, CAPACIDAD) VALUES ('Studio', 'Innside-New-York-Nomad',4);
INSERT INTO HABITACION(TIPO, HOTEL, CAPACIDAD) VALUES ('Townhouse-Junior-Suite', 'Innside-New-York-Nomad',5);

INSERT INTO CONTACTO(NUMERO, CORREO, NOMBRE, MENSAJE) VALUES (1,'econderana@gmail.com','Elena','Querria saber más información acerca del hotel Melia Madrid Princesa. Gracias');
INSERT INTO CONTACTO(NUMERO, CORREO, NOMBRE, MENSAJE) VALUES (2,'laura.h@gmail.com','Laura','Solicito una devolución y reembolso de mi reserva en Melia White House. Un saludo');
INSERT INTO CONTACTO(NUMERO, CORREO, NOMBRE, MENSAJE) VALUES (3,'ineg_s@gmail.com','Ines','¿Que servicios encuentro cerca del hotel Melia Paris La Defense? Muchas gracias');
